{
  "UnregisterUser" : {
    "transaction" : "UnregisterUser",
    "sampleCount" : 190,
    "errorCount" : 190,
    "errorPct" : 100.0,
    "meanResTime" : 419.1789473684208,
    "medianResTime" : 416.0,
    "minResTime" : 391.0,
    "maxResTime" : 476.0,
    "pct1ResTime" : 445.0,
    "pct2ResTime" : 453.45,
    "pct3ResTime" : 467.81000000000006,
    "throughput" : 20.238602471239883,
    "receivedKBytesPerSec" : 15.86549984022156,
    "sentKBytesPerSec" : 4.209787428099702
  },
  "getUsers" : {
    "transaction" : "getUsers",
    "sampleCount" : 190,
    "errorCount" : 0,
    "errorPct" : 0.0,
    "meanResTime" : 243.1,
    "medianResTime" : 217.0,
    "minResTime" : 205.0,
    "maxResTime" : 797.0,
    "pct1ResTime" : 247.9,
    "pct2ResTime" : 416.29999999999916,
    "pct3ResTime" : 796.09,
    "throughput" : 18.813743935043075,
    "receivedKBytesPerSec" : 33.323031673928114,
    "sentKBytesPerSec" : 2.2598540078225566
  },
  "See users" : {
    "transaction" : "See users",
    "sampleCount" : 190,
    "errorCount" : 0,
    "errorPct" : 0.0,
    "meanResTime" : 555.6789473684211,
    "medianResTime" : 542.0,
    "minResTime" : 386.0,
    "maxResTime" : 1355.0,
    "pct1ResTime" : 667.1000000000001,
    "pct2ResTime" : 770.4999999999999,
    "pct3ResTime" : 1096.5600000000009,
    "throughput" : 20.129250979976693,
    "receivedKBytesPerSec" : 1615.0937723474415,
    "sentKBytesPerSec" : 2.319581655895752
  },
  "Total" : {
    "transaction" : "Total",
    "sampleCount" : 1710,
    "errorCount" : 570,
    "errorPct" : 33.333332,
    "meanResTime" : 264.61578947368395,
    "medianResTime" : 230.0,
    "minResTime" : 51.0,
    "maxResTime" : 1355.0,
    "pct1ResTime" : 466.0,
    "pct2ResTime" : 549.0,
    "pct3ResTime" : 718.0,
    "throughput" : 141.35736132925518,
    "receivedKBytesPerSec" : 1398.5456750640656,
    "sentKBytesPerSec" : 23.666928009010498
  },
  "registerUser" : {
    "transaction" : "registerUser",
    "sampleCount" : 190,
    "errorCount" : 190,
    "errorPct" : 100.0,
    "meanResTime" : 418.75789473684216,
    "medianResTime" : 417.5,
    "minResTime" : 390.0,
    "maxResTime" : 589.0,
    "pct1ResTime" : 441.0,
    "pct2ResTime" : 451.0,
    "pct3ResTime" : 478.89000000000044,
    "throughput" : 20.327377768267894,
    "receivedKBytesPerSec" : 15.932585321493528,
    "sentKBytesPerSec" : 4.764229164437788
  },
  "Usernotfound" : {
    "transaction" : "Usernotfound",
    "sampleCount" : 190,
    "errorCount" : 190,
    "errorPct" : 100.0,
    "meanResTime" : 86.50000000000003,
    "medianResTime" : 55.0,
    "minResTime" : 51.0,
    "maxResTime" : 452.0,
    "pct1ResTime" : 69.80000000000001,
    "pct2ResTime" : 407.9,
    "pct3ResTime" : 441.08000000000004,
    "throughput" : 21.21245952886011,
    "receivedKBytesPerSec" : 16.525897168415764,
    "sentKBytesPerSec" : 3.542315018979569
  },
  "GetResources" : {
    "transaction" : "GetResources",
    "sampleCount" : 190,
    "errorCount" : 0,
    "errorPct" : 0.0,
    "meanResTime" : 86.07894736842101,
    "medianResTime" : 54.0,
    "minResTime" : 52.0,
    "maxResTime" : 439.0,
    "pct1ResTime" : 80.40000000000003,
    "pct2ResTime" : 406.1499999999999,
    "pct3ResTime" : 428.08000000000004,
    "throughput" : 21.236168548116687,
    "receivedKBytesPerSec" : 21.696889495082154,
    "sentKBytesPerSec" : 3.5670126858164752
  },
  "createUser" : {
    "transaction" : "createUser",
    "sampleCount" : 190,
    "errorCount" : 0,
    "errorPct" : 0.0,
    "meanResTime" : 419.67368421052635,
    "medianResTime" : 419.5,
    "minResTime" : 392.0,
    "maxResTime" : 466.0,
    "pct1ResTime" : 440.0,
    "pct2ResTime" : 447.45,
    "pct3ResTime" : 462.36,
    "throughput" : 20.37533512064343,
    "receivedKBytesPerSec" : 16.162345006702413,
    "sentKBytesPerSec" : 4.636184651474531
  },
  "GetaUser" : {
    "transaction" : "GetaUser",
    "sampleCount" : 190,
    "errorCount" : 0,
    "errorPct" : 0.0,
    "meanResTime" : 95.99473684210525,
    "medianResTime" : 54.0,
    "minResTime" : 51.0,
    "maxResTime" : 440.0,
    "pct1ResTime" : 398.9,
    "pct2ResTime" : 423.0,
    "pct3ResTime" : 439.09000000000003,
    "throughput" : 20.41254834550924,
    "receivedKBytesPerSec" : 21.82262569832402,
    "sentKBytesPerSec" : 2.8505804818435756
  },
  "getUsersbyPage" : {
    "transaction" : "getUsersbyPage",
    "sampleCount" : 190,
    "errorCount" : 0,
    "errorPct" : 0.0,
    "meanResTime" : 56.578947368421076,
    "medianResTime" : 55.0,
    "minResTime" : 52.0,
    "maxResTime" : 97.0,
    "pct1ResTime" : 62.0,
    "pct2ResTime" : 64.44999999999999,
    "pct3ResTime" : 83.35000000000005,
    "throughput" : 20.403780068728523,
    "receivedKBytesPerSec" : 36.82957809815292,
    "sentKBytesPerSec" : 2.590323641537801
  }
}